{
    "exec": "./app",
    "test": [
        {
            "comment": "nominal #1",
            "args": [],
            "stdin": [
                "1",
                "1"
            ],
            "stdout": [
                "volume = 3.14 [m3]"
            ],
            "returnCode": 0
        },{
            "comment": "nominal #2",
            "args": [],
            "stdin": [
                "25",
                "10"
            ],
            "stdout": [
                "volume = 7853.98 [m3]"
            ],
            "returnCode": 0
        },{
            "comment": "nominal #3",
            "args": [],
            "stdin": [
                "inf",
                "10"
            ],
            "stdout": [
                "volume = inf [m3]"
            ],
            "returnCode": 0
        },{
            "comment": "error #1 (height<0)",
            "args": [],
            "stdin": [
                "-1",
                "10"
            ],
            "stdout": [
            ],
            "returnCode": 8
        },{
            "comment": "error #2 (radius<0)",
            "args": [],
            "stdin": [
                "1",
                "-1"
            ],
            "stdout": [
            ],
            "returnCode": 4
        },{
            "comment": "error #3 (both height and radius<0)",
            "args": [],
            "stdin": [
                "-1",
                "-1"
            ],
            "stdout": [
            ],
            "returnCode": 12
        }

    ]
}