{
    "exec": "./app",
    "test": [
        {
            "comment": "cylinder height=10 and radius=1",
            "args": [],
            "stdin": [
                "10",
                "1"
            ],
            "stdout": [
                "volume = 31.42 [m3]"
            ],
            "returnCode": 0
        },
        {
            "comment": "cylinder height=1 and radius=1",
            "args": [],
            "stdin": [
                "1",
                "1"
            ],
            "stdout": [
                "volume = 3.14 [m3]"
            ],
            "returnCode": 0
        }
    ]
}